id,uuid,observed_on_string,observed_on,time_observed_at,time_zone,user_id,user_login,user_name,created_at,updated_at,quality_grade,license,url,image_url,sound_url,tag_list,description,num_identification_agreements,num_identification_disagreements,captive_cultivated,oauth_application_id,place_guess,latitude,longitude,positional_accuracy,private_place_guess,private_latitude,private_longitude,public_positional_accuracy,geoprivacy,taxon_geoprivacy,coordinates_obscured,positioning_method,positioning_device,species_guess,scientific_name,common_name,iconic_taxon_name,taxon_id
850839,8c3aa555-8c05-4f01-a01b-7435070a0bc8,Wed Aug 27 2014 09:48:58 GMT-0500 (CDT),2014-08-27,2014-08-27 14:48:58 UTC,Central Time (US & Canada),3217,david_toledo,"",2014-08-27 21:52:59 UTC,2022-11-30 06:13:32 UTC,needs_id,,http://www.inaturalist.org/observations/850839,https://static.inaturalist.org/photos/1077459/medium.jpg,,"",,5,0,false,3,"2201â€“2225 44th St, Mandan, ND, US",46.7896916667,-100.9212416667,,,,,,,,false,,,True Crickets and Allies,Grylloidea,True Crickets and Allies,Insecta,50158
1258265,813ff959-2bae-4ae1-b649-c16943fcc1cc,2013-07-01 17:21:13,2013-07-01,2013-07-01 22:21:13 UTC,Central Time (US & Canada),65504,scottking,Scott King,2015-02-26 04:01:13 UTC,2023-07-08 12:24:13 UTC,research,CC-BY-NC,http://www.inaturalist.org/observations/1258265,https://inaturalist-open-data.s3.amazonaws.com/photos/1579699/medium.jpg,,"","Field Cricket
Mirror Pool WMA
North Dakota",2,0,false,,"North Dakota, United States",46.551216,-97.301187,,,,,,,,false,,"",Spring Field Cricket,Gryllus veletis,Spring Field Cricket,Insecta,129135
6734060,4e2bc1ba-0ea3-444c-8632-25e90bf4a835,2017/06/15 1:59 PM EDT,2017-06-15,2017-06-15 17:59:00 UTC,Eastern Time (US & Canada),81292,msieges,"",2017-06-20 20:04:07 UTC,2023-07-06 16:54:45 UTC,research,CC0,https://www.inaturalist.org/observations/6734060,https://inaturalist-open-data.s3.amazonaws.com/photos/8548662/medium.jpg,,"",,1,0,false,,"2525 River Rd, Bismarck, ND 58503, USA",46.833492,-100.832418,153,,,,153,,,false,,,Spring Field Cricket,Gryllus veletis,Spring Field Cricket,Insecta,129135
15788052,9790d9f6-a1d9-4520-a17f-8083a9e88bd6,Wed Aug 22 2018 12:03:04 GMT-0500 (CDT),2018-08-22,2018-08-22 17:03:04 UTC,Central Time (US & Canada),583685,carol333,,2018-08-22 17:37:54 UTC,2022-11-30 04:16:11 UTC,research,,https://www.inaturalist.org/observations/15788052,https://static.inaturalist.org/photos/23592482/medium.jpg,,"",,1,0,false,3,"1006 E Boulevard Ave, Bismarck, ND, US",46.8189716667,-100.7785716667,10,,,,10,,,false,,,Fall Field Cricket,Gryllus pennsylvanicus,Fall Field Cricket,Insecta,122193
16600511,dc6b79b8-5b53-4c8c-b523-011e2ac350b1,Sun Sep 16 2018 10:20:00 GMT-0500 (CDT),2018-09-16,2018-09-16 15:20:00 UTC,Central Time (US & Canada),461506,megnd,"",2018-09-16 19:51:25 UTC,2018-11-06 02:30:36 UTC,research,CC-BY-NC,https://www.inaturalist.org/observations/16600511,https://inaturalist-open-data.s3.amazonaws.com/photos/25010666/medium.jpg,,"",,2,0,false,3,"1401 Skyline Blvd, Bismarck, ND, US",46.8554583333,-100.769805,5,,,,5,,,false,,,Prairie Tree Cricket,Oecanthus argentinus,Prairie Tree Cricket,Insecta,226219
16915811,bbec249e-51aa-494f-bbd1-f937ac414132,2018/09/24 6:09 PM CDT,2018-09-24,2018-09-24 23:09:00 UTC,Central Time (US & Canada),972936,e16,earl woolsey,2018-09-25 22:22:16 UTC,2022-11-30 04:15:40 UTC,research,CC-BY-NC-ND,https://www.inaturalist.org/observations/16915811,https://inaturalist-open-data.s3.amazonaws.com/photos/25545345/medium.jpg,,"","",1,0,false,,"North Dakota, US",47.9983521118,-97.1852742656,,,,,26775,obscured,,true,,,Fall Field Cricket,Gryllus pennsylvanicus,Fall Field Cricket,Insecta,122193
26456422,ffa4283c-230f-4ec8-941d-49591393c32f,Wed Jun 05 2019 14:05:58 GMT-0500 (CDT),2019-06-05,2019-06-05 14:05:58 UTC,UTC,293303,danielle47,Danielle Farkas,2019-06-05 20:05:48 UTC,2022-12-06 19:46:18 UTC,research,,https://www.inaturalist.org/observations/26456422,https://static.inaturalist.org/photos/41083519/medium.jpg,,"",,1,0,false,3,"58496, Woodworth, ND, US",47.2096583333,-99.1737883333,5,,,,5,,,false,,,Spring Field Cricket,Gryllus veletis,Spring Field Cricket,Insecta,129135
27532787,15a66410-d967-4efb-9145-fcaf772aec37,Sun Jun 23 2019 12:29:00 GMT-0500 (CDT),2019-06-23,2019-06-23 17:29:00 UTC,Central Time (US & Canada),461506,megnd,"",2019-06-23 22:17:22 UTC,2022-11-30 04:14:41 UTC,needs_id,CC-BY-NC,https://www.inaturalist.org/observations/27532787,https://inaturalist-open-data.s3.amazonaws.com/photos/42847835/medium.jpg,,"",,1,0,false,3,"58554, Mandan, ND, US",46.9422916667,-100.97055,5,,,,5,,,false,,,Spring Field Cricket,Gryllus veletis,Spring Field Cricket,Insecta,129135
29648303,f467021c-451f-4889-815a-6dba121c6477,2019-07-27 11:06:08 AM CDT,2019-07-27,2019-07-27 16:06:08 UTC,Central Time (US & Canada),1288418,daleheinert,Dale,2019-07-27 17:15:52 UTC,2020-01-06 14:43:34 UTC,needs_id,CC-BY-NC,https://www.inaturalist.org/observations/29648303,https://inaturalist-open-data.s3.amazonaws.com/photos/46280033/medium.jpg,,"",,1,0,false,2,"Fort Rice, ND 58554, USA",46.51402627,-100.66110605,5,,,,5,,,false,,,Gryllus,Gryllus,,Insecta,71251
30105833,07816e9b-0d89-484a-8e4d-33d3c82632fd,Sat Aug 03 2019 10:12:07 GMT-0500 (CDT),2019-08-03,2019-08-03 10:12:07 UTC,UTC,1506615,mattrousseau,On Cue,2019-08-03 15:12:22 UTC,2019-08-03 15:12:50 UTC,needs_id,,https://www.inaturalist.org/observations/30105833,https://static.inaturalist.org/photos/47015623/medium.jpg,,"",,0,0,false,3,"24th Ave SE, Kintyre, ND, US",46.4082581783,-99.9177078065,5,,,,5,,,false,,,,Gryllus pennsylvanicus,Fall Field Cricket,Insecta,122193
31053698,b69c7b92-bf33-49b2-8374-d479557a428e,2019-08-18 9:22:14 AM CDT,2019-08-18,2019-08-18 14:22:14 UTC,Central Time (US & Canada),45587,kbakkegard,Kristin A. Bakkegard,2019-08-18 14:24:24 UTC,2022-11-30 03:45:24 UTC,research,CC-BY-NC,https://www.inaturalist.org/observations/31053698,https://inaturalist-open-data.s3.amazonaws.com/photos/48562699/medium.jpeg,,"",,3,0,false,2,"Hesper, ND, USA",47.97194849,-99.57664788,3,,,,3,,,false,,,Common Tree Crickets,Oecanthus,Common Tree Crickets,Insecta,63036
32113431,987d16bb-c809-45e6-933a-6804b4280eea,2019-09-02 2:30:40 PM CDT,2019-09-02,2019-09-02 21:30:40 UTC,Pacific Time (US & Canada),441187,rpennington,Robert Pennington,2019-09-04 16:54:14 UTC,2022-11-30 03:43:32 UTC,research,CC-BY-NC,https://www.inaturalist.org/observations/32113431,https://inaturalist-open-data.s3.amazonaws.com/photos/50335618/medium.jpg,,"",,3,0,false,2,"Fryburg, ND 58622, USA",46.8984520245,-103.3782433346,263,,,,263,,,false,gps,gps,Common Tree Crickets,Oecanthus,Common Tree Crickets,Insecta,63036
32383322,c2462e41-4e6a-4e74-8fc2-3115e5e38ec0,2019-09-08 7:06:18 PM CDT,2019-09-08,2019-09-08 19:06:18 UTC,UTC,2143810,frostymp,Anthony Frausto,2019-09-09 00:21:08 UTC,2021-02-05 17:10:05 UTC,research,CC-BY-NC,https://www.inaturalist.org/observations/32383322,https://inaturalist-open-data.s3.amazonaws.com/photos/50895114/medium.jpeg,,"",,2,0,false,2,"North Dakota, US",46.9707408286,-100.8798035635,,,,,26935,obscured,,true,gps,gps,Snowy Tree Cricket,Oecanthus fultoni,Snowy Tree Cricket,Insecta,130356
32810426,1816773c-2d40-445e-b4df-c22f7307bb3c,Sun Sep 15 2019 19:44:41 GMT-0500 (CDT),2019-09-15,2019-09-15 19:44:41 UTC,UTC,1882112,ruxeh,Rucks,2019-09-16 02:19:23 UTC,2022-11-30 03:42:28 UTC,needs_id,CC-BY-NC,https://www.inaturalist.org/observations/32810426,https://inaturalist-open-data.s3.amazonaws.com/photos/51488387/medium.jpg,,"",,1,0,false,3,"S Main St, Stanley, ND, US",48.3155033432,-102.3900383333,22,,,,22,,,false,,,Robust Ground Crickets,Allonemobius,Robust Ground Crickets,Insecta,129248
33316347,0046146a-3ca3-46d2-afbe-fc13a060ae22,2019-09-24 10:13:09 AM CDT,2019-09-24,2019-09-24 17:13:09 UTC,Pacific Time (US & Canada),441187,rpennington,Robert Pennington,2019-09-24 15:14:20 UTC,2022-11-30 03:41:40 UTC,needs_id,CC-BY-NC,https://www.inaturalist.org/observations/33316347,https://inaturalist-open-data.s3.amazonaws.com/photos/52319686/medium.jpeg,,"",,2,0,false,2,"Newbury, ND, USA",46.71913568,-99.43863948,4,,,,4,,,false,,,Robust Ground Crickets,Allonemobius,Robust Ground Crickets,Insecta,129248
33904091,b88afc37-be63-4b2d-9b3e-113631d8e913,Sat Oct 05 2019 11:27:30 GMT-0600 (MDT),2019-10-05,2019-10-05 17:27:30 UTC,Mountain Time (US & Canada),38771,ryruther,Ryne Rutherford,2019-10-05 18:27:25 UTC,2020-01-08 15:17:38 UTC,research,CC-BY-NC,https://www.inaturalist.org/observations/33904091,https://inaturalist-open-data.s3.amazonaws.com/photos/53300280/medium.jpg,,"",,1,0,false,3,"Theodore Roosevelt National Park, Belfield, ND, US",46.8954788056,-103.3848564887,5,,,,5,,,false,,,Fall Field Cricket,Gryllus pennsylvanicus,Fall Field Cricket,Insecta,122193
34941152,38fa09e9-6bf3-4eb0-a67e-6823ae30dbc2,2014/08/01 1:04 PM EDT,2014-08-01,2014-08-01 17:04:00 UTC,Eastern Time (US & Canada),1038698,jodiboe,jodiboe,2019-10-27 01:28:50 UTC,2020-01-07 14:10:40 UTC,research,,https://www.inaturalist.org/observations/34941152,https://static.inaturalist.org/photos/55055894/medium.jpg,,"",,1,0,false,,"McKenzie County, ND, USA",47.5691542168,-103.3215457334,953,,,,953,,,false,,,Fall Field Cricket,Gryllus pennsylvanicus,Fall Field Cricket,Insecta,122193
37604530,6835e947-da2b-4a03-8aa4-8eb024778c45,2019-09-14 7:23:00 PM CDT,2019-09-14,2019-09-15 00:23:00 UTC,Central Time (US & Canada),1867224,aric4sloth,"",2020-01-15 02:50:54 UTC,2024-03-29 22:39:44 UTC,needs_id,CC-BY-NC,https://www.inaturalist.org/observations/37604530,https://inaturalist-open-data.s3.amazonaws.com/photos/59645261/medium.jpg,,"","This is a species of Crickets. ...
Found on the path in front of the parking area, at Forest River Park, in far south Fargo.",4,0,false,2,"Fargo, ND 58104, USA",46.7680226555,-96.7848253995,8,,,,8,,,false,gps,gps,Robust Ground Crickets,Allonemobius,Robust Ground Crickets,Insecta,129248
42925581,6e6bd918-e215-41f7-b4ae-8679063d9ab3,2011/08/28 1:11 PM EDT,2011-08-28,2011-08-28 17:11:00 UTC,Eastern Time (US & Canada),540873,richardlbaxter,Richard Baxter,2020-04-23 04:00:37 UTC,2020-04-23 21:48:34 UTC,research,CC-BY-NC,https://www.inaturalist.org/observations/42925581,https://inaturalist-open-data.s3.amazonaws.com/photos/68161112/medium.jpeg,,"",,1,0,false,,"Billings County, ND, USA",46.8963954096,-103.3847843345,8,,,,8,,,false,,,Four-spotted Tree Cricket,Oecanthus quadripunctatus,Four-spotted Tree Cricket,Insecta,226222
51480425,5fec0176-8f26-441e-aabb-09fd4110dd12,Tue Jun 30 2020 10:50:42 GMT-0500 (CDT),2020-06-30,2020-06-30 10:50:42 UTC,UTC,3135623,taylorlinder,Taylor Linder,2020-06-30 15:51:00 UTC,2021-01-08 13:23:33 UTC,needs_id,,https://www.inaturalist.org/observations/51480425,https://static.inaturalist.org/photos/81797322/medium.jpg,,"",,1,0,false,3,"First St SE, Goodrich, ND, US",47.4013015747,-100.2770111081,165,,,,165,,,false,,,Gryllus,Gryllus,,Insecta,71251
53091145,222d2709-5731-4946-b247-6a688ac8391d,Tue Jul 14 2020 14:28:45 GMT-0500 (CDT),2020-07-14,2020-07-14 14:28:45 UTC,UTC,1919882,cailey_isaacson,,2020-07-14 20:58:25 UTC,2023-03-03 16:32:52 UTC,needs_id,CC-BY-NC,https://www.inaturalist.org/observations/53091145,https://inaturalist-open-data.s3.amazonaws.com/photos/84425454/medium.jpg,,"",,1,0,false,3,"Goodrich, ND, US",47.418195,-100.26209167,5,,,,5,,,false,,,Ground Crickets,Nemobiinae,Ground Crickets,Insecta,324788
55860499,e825402e-d57b-441c-83d1-8aee8b66c76c,Sat Aug 08 2020 19:34:47 GMT-0500 (CDT),2020-08-08,2020-08-09 05:34:47 UTC,Hawaii,292489,elliotgreiner,Elliot Greiner,2020-08-09 00:35:33 UTC,2024-03-29 22:39:23 UTC,needs_id,CC-BY,https://www.inaturalist.org/observations/55860499,https://static.inaturalist.org/photos/88975932/medium.jpg,,"",,2,0,false,3,"Roberts St N, Fargo, ND, US",46.8764516339,-96.7903227546,5,,,,5,,,false,,,Robust Ground Crickets,Allonemobius,Robust Ground Crickets,Insecta,129248
55873745,e2fb67b0-ab30-4c4f-9017-e8dfbb6f013d,Sat Aug 08 2020 22:03:26 GMT-0500 (CDT),2020-08-08,2020-08-09 08:03:26 UTC,Hawaii,292489,elliotgreiner,Elliot Greiner,2020-08-09 03:03:35 UTC,2024-03-29 22:39:22 UTC,needs_id,CC-BY,https://www.inaturalist.org/observations/55873745,https://static.inaturalist.org/photos/88997949/medium.jpg,,"",,1,0,false,3,"Bluestem Dr, West Fargo, ND, US",46.8335849885,-96.8848766574,5,,,,5,,,false,,,Robust Ground Crickets,Allonemobius,Robust Ground Crickets,Insecta,129248
55873881,c117fce6-9b63-46bd-98ac-f3071230ffb1,Sat Aug 08 2020 22:05:33 GMT-0500 (CDT),2020-08-08,2020-08-09 08:05:33 UTC,Hawaii,292489,elliotgreiner,Elliot Greiner,2020-08-09 03:05:41 UTC,2024-03-29 22:39:19 UTC,research,CC-BY,https://www.inaturalist.org/observations/55873881,https://static.inaturalist.org/photos/88998202/medium.jpg,,"",,2,0,false,3,"Bluestem Dr, West Fargo, ND, US",46.8336966355,-96.8848120329,5,,,,5,,,false,,,Carolina Ground Cricket,Eunemobius carolinus,Carolina Ground Cricket,Insecta,146891
55874042,0a8fc7fd-41c5-4877-aba5-030dfaac0355,Sat Aug 08 2020 22:07:44 GMT-0500 (CDT),2020-08-08,2020-08-09 08:07:44 UTC,Hawaii,292489,elliotgreiner,Elliot Greiner,2020-08-09 03:07:50 UTC,2024-03-29 22:39:17 UTC,research,CC-BY,https://www.inaturalist.org/observations/55874042,https://static.inaturalist.org/photos/88998462/medium.jpg,,"",,2,0,false,3,"Bluestem Dr, West Fargo, ND, US",46.8337690551,-96.8848655094,5,,,,5,,,false,,,Carolina Ground Cricket,Eunemobius carolinus,Carolina Ground Cricket,Insecta,146891
55874330,b57337b9-aeb6-4dfa-a810-cce56f5f7152,Sat Aug 08 2020 22:11:52 GMT-0500 (CDT),2020-08-08,2020-08-09 08:11:52 UTC,Hawaii,292489,elliotgreiner,Elliot Greiner,2020-08-09 03:12:20 UTC,2024-03-29 22:39:16 UTC,research,CC-BY,https://www.inaturalist.org/observations/55874330,https://static.inaturalist.org/photos/88999056/medium.jpg,,"",,2,0,false,3,"Bluestem Dr, West Fargo, ND, US",46.8338647346,-96.8849020545,5,,,,5,,,false,,,Carolina Ground Cricket,Eunemobius carolinus,Carolina Ground Cricket,Insecta,146891
55874342,3ef054d5-2388-40f1-8b33-3f6e4977f1a6,Sat Aug 08 2020 22:12:12 GMT-0500 (CDT),2020-08-08,2020-08-09 08:12:12 UTC,Hawaii,292489,elliotgreiner,Elliot Greiner,2020-08-09 03:12:29 UTC,2024-03-29 22:39:14 UTC,research,CC-BY,https://www.inaturalist.org/observations/55874342,https://static.inaturalist.org/photos/88999079/medium.jpg,,"",,2,0,false,3,"Bluestem Dr, West Fargo, ND, US",46.8339040457,-96.8848855422,5,,,,5,,,false,,,Fall Field Cricket,Gryllus pennsylvanicus,Fall Field Cricket,Insecta,122193
55874359,8a8ddb77-8178-4174-8e75-181042b861a8,Sat Aug 08 2020 22:12:26 GMT-0500 (CDT),2020-08-08,2020-08-09 08:12:26 UTC,Hawaii,292489,elliotgreiner,Elliot Greiner,2020-08-09 03:12:49 UTC,2024-03-29 22:39:13 UTC,research,CC-BY,https://www.inaturalist.org/observations/55874359,https://static.inaturalist.org/photos/88999132/medium.jpg,,"",,2,0,false,3,"Bluestem Dr, West Fargo, ND, US",46.8338841387,-96.8849073351,5,,,,5,,,false,,,Carolina Ground Cricket,Eunemobius carolinus,Carolina Ground Cricket,Insecta,146891
55878726,6a4f52de-98cf-4a36-a7c1-473924b479c6,Sat Aug 08 2020 23:22:56 GMT-0500 (CDT),2020-08-08,2020-08-09 09:22:56 UTC,Hawaii,292489,elliotgreiner,Elliot Greiner,2020-08-09 04:23:03 UTC,2024-03-29 22:40:56 UTC,research,CC-BY,https://www.inaturalist.org/observations/55878726,https://static.inaturalist.org/photos/89006537/medium.jpg,,"",,2,0,false,3,"Bluestem Dr, West Fargo, ND, US",46.8336100085,-96.8848174811,5,,,,5,,,false,,,Robust Ground Crickets,Allonemobius,Robust Ground Crickets,Insecta,129248
57665867,eaf25eb0-8bd3-46a9-a8cc-ce69cd4e369b,2020/08/26 1:39 PM CDT,2020-08-26,2020-08-26 18:39:00 UTC,Central Time (US & Canada),3520559,irelda,,2020-08-26 19:19:40 UTC,2022-11-30 02:43:25 UTC,needs_id,CC-BY-NC,https://www.inaturalist.org/observations/57665867,https://inaturalist-open-data.s3.amazonaws.com/photos/92003113/medium.jpg,,"",,1,0,false,,"Harvey, ND, USA: Wells County",47.6376775,-99.9000348,100,,,,100,,,false,,,Gryllus,Gryllus pennsylvanicus,Fall Field Cricket,Insecta,122193
57702292,b7460d6b-b8f9-4003-a5d8-2c15268579e3,2020/08/13 11:05 AM MDT,2020-08-13,2020-08-13 17:05:00 UTC,Mountain Time (US & Canada),1013268,mnathan,"",2020-08-27 03:01:03 UTC,2022-11-30 13:38:53 UTC,research,CC-BY-NC,https://www.inaturalist.org/observations/57702292,https://inaturalist-open-data.s3.amazonaws.com/photos/92061306/medium.jpeg,,"",,2,0,false,,"Billings County, ND, USA",46.926528535,-103.3895497313,52,,,,52,,,false,,,Common Tree Crickets,Oecanthus,Common Tree Crickets,Insecta,63036
58625438,1cff3dbd-05cf-48ea-ae50-49da857d249d,2020-09-04 7:34:08 PM CDT,2020-09-04,2020-09-05 00:34:08 UTC,Central Time (US & Canada),972936,e16,earl woolsey,2020-09-05 18:04:56 UTC,2022-11-30 02:41:37 UTC,needs_id,CC-BY-NC-ND,https://www.inaturalist.org/observations/58625438,https://inaturalist-open-data.s3.amazonaws.com/photos/93610936/medium.jpeg,,"",,1,0,false,2,"Grand Forks, ND, USA",47.9142539722,-97.100693,,,,,,,,false,gps,gps,Fall Field Cricket,Gryllus pennsylvanicus,Fall Field Cricket,Insecta,122193
58665257,e4dc83a5-dc05-4c62-b818-2524b93deb45,Sat Sep 05 2020 18:40:34 GMT-0500 (CDT),2020-09-05,2020-09-05 18:40:34 UTC,UTC,3490558,sriya26,,2020-09-05 23:57:53 UTC,2024-03-29 22:04:19 UTC,research,,https://www.inaturalist.org/observations/58665257,https://static.inaturalist.org/photos/93675509/medium.jpg,,"",,2,0,false,3,"18th Ave E, West Fargo, ND, US",46.85440156,-96.8954201357,1007,,,,1007,,,false,,,Fall Field Cricket,Gryllus pennsylvanicus,Fall Field Cricket,Insecta,122193
60510294,04f16beb-bf75-48a1-bba4-417ca45ee0bc,Wed Sep 23 2020 08:29:23 GMT-0500 (CDT),2020-09-23,2020-09-23 08:29:23 UTC,UTC,1850778,michael1497,Michael Berkenpas,2020-09-23 13:29:34 UTC,2024-03-29 22:04:17 UTC,research,,https://www.inaturalist.org/observations/60510294,https://static.inaturalist.org/photos/96768202/medium.jpg,,"",,3,0,false,3,"North Dakota, US",46.9769433088,-96.8202473937,18,,,,26935,obscured,,true,,,Fall Field Cricket,Gryllus pennsylvanicus,Fall Field Cricket,Insecta,122193
82156491,33ea91d1-4f96-4b27-860d-fd090eedd6db,Mon Jun 07 2021 15:28:54 GMT-0600 (MDT),2021-06-07,2021-06-07 21:28:54 UTC,Mountain Time (US & Canada),504560,alexmorphew,Alex Morphew,2021-06-08 14:03:08 UTC,2022-11-30 03:27:26 UTC,research,,https://www.inaturalist.org/observations/82156491,https://static.inaturalist.org/photos/134818905/medium.jpg,,"","",1,0,false,3,"Little Missouri National Grassland, Cartwright, ND, US",47.7427609981,-103.8607253965,5,,,,5,,,false,,,Spring Field Cricket,Gryllus veletis,Spring Field Cricket,Insecta,129135
82164240,556c79be-797c-4831-8e8b-4557c70a6b7d,Mon Jun 07 2021 08:09:38 GMT-0500 (CDT),2021-06-07,2021-06-07 08:09:38 UTC,UTC,1919882,cailey_isaacson,,2021-06-08 15:07:28 UTC,2022-11-30 03:27:22 UTC,needs_id,CC-BY-NC,https://www.inaturalist.org/observations/82164240,https://inaturalist-open-data.s3.amazonaws.com/photos/134830962/medium.jpg,,"","",1,0,false,3,"First St SE, Goodrich, ND, US",47.4011033333,-100.2771133333,39,,,,39,,,false,,,Spring Field Cricket,Gryllus veletis,Spring Field Cricket,Insecta,129135
83269864,258c7b87-4b90-41de-91df-df11e5a06aea,Wed Jun 16 2021 10:24:02 GMT-0500 (CDT),2021-06-16,2021-06-16 10:24:02 UTC,UTC,4581053,matt_misewicz,Matt Misewicz,2021-06-16 15:24:13 UTC,2022-11-30 02:25:14 UTC,needs_id,,https://www.inaturalist.org/observations/83269864,https://static.inaturalist.org/photos/136744317/medium.jpg,,"","",1,0,false,3,"First St SE, Goodrich, ND, US",47.4013328764,-100.2769775654,165,,,,165,,,false,,,Spring Field Cricket,Gryllus veletis,Spring Field Cricket,Insecta,129135
86247566,3c13fa71-1c49-4298-a0d8-6638d721595a,2021/06/19 8:24 AM PDT,2021-06-19,2021-06-19 15:24:00 UTC,Pacific Time (US & Canada),210826,jmaley,James M. Maley,2021-07-09 04:55:22 UTC,2022-11-30 08:02:01 UTC,research,CC-BY,https://www.inaturalist.org/observations/86247566,https://inaturalist-open-data.s3.amazonaws.com/photos/142051799/medium.jpg,,"",,1,0,false,,"Mercer County, ND, USA",47.5023,-101.443918,,,,,,,,false,,,Spring Field Cricket,Gryllus veletis,Spring Field Cricket,Insecta,129135
90158881,6acfe318-a325-43a2-9eb0-6ca54fef8b9a,Thu Aug 05 2021 12:28:27 GMT-0500 (CDT),2021-08-05,2021-08-05 12:28:27 UTC,UTC,1882112,ruxeh,Rucks,2021-08-06 16:38:11 UTC,2022-01-26 13:08:27 UTC,needs_id,CC-BY-NC,https://www.inaturalist.org/observations/90158881,https://inaturalist-open-data.s3.amazonaws.com/photos/148972731/medium.jpg,,"","",1,0,false,3,"First St SE, Stanley, ND, US",48.3156317164,-102.3888071262,22,,,,22,,,false,,,Robust Ground Crickets,Allonemobius,Robust Ground Crickets,Insecta,129248
90773736,840547ae-6201-4891-b174-ccc972bf51e5,Wed Aug 11 2021 08:50:42 GMT -0500 (CDT),2021-08-11,2021-08-11 08:50:42 UTC,UTC,4686624,lynda_lafond,Lynda LaFond,2021-08-11 13:50:55 UTC,2022-11-30 01:25:37 UTC,research,CC-BY-NC,https://www.inaturalist.org/observations/90773736,https://inaturalist-open-data.s3.amazonaws.com/photos/150306468/medium.jpeg,,"",,1,0,false,333,Emerado,47.8793640137,-97.2639160156,16,,,,16,,,false,,,Fall Field Cricket,Gryllus pennsylvanicus,Fall Field Cricket,Insecta,122193
92816290,74c27679-8760-48b9-9b71-40505cf2486f,2021-08-28 14:15:06,2021-08-28,2021-08-28 19:15:06 UTC,Central Time (US & Canada),4639117,ellysa,Ellysa Johnson,2021-08-28 19:15:45 UTC,2024-03-29 22:38:51 UTC,research,,https://www.inaturalist.org/observations/92816290,https://static.inaturalist.org/photos/153737062/medium.jpeg,,"",,2,0,false,2,"NDSU, Fargo, ND, USA",46.8902119722,-96.8022619722,,,,,,,,false,gps,gps,Fall Field Cricket,Gryllus pennsylvanicus,Fall Field Cricket,Insecta,122193
92957868,2a63bf1e-7b6a-4ab5-9a6c-b567d9110e7b,Sun Aug 29 2021 14:18:25 GMT-0500 (CDT),2021-08-29,2021-08-29 19:18:25 UTC,Central Time (US & Canada),2053568,forestgray,"",2021-08-29 20:22:18 UTC,2021-09-01 01:58:10 UTC,research,CC-BY-NC,https://www.inaturalist.org/observations/92957868,https://inaturalist-open-data.s3.amazonaws.com/photos/153993018/medium.jpg,,"","",1,0,false,3,"Sheyenne National Grassland, Sheldon, ND, US",46.4455813915,-97.4002843131,67,,,,67,,,false,,,Four-spotted Tree Cricket,Oecanthus quadripunctatus,Four-spotted Tree Cricket,Insecta,226222
93383078,688c480a-ff19-45ee-be4a-04fc7db48cff,Thu Sep 02 2021 12:30:10 GMT-0500 (CDT),2021-09-02,2021-09-02 12:30:10 UTC,UTC,1882112,ruxeh,Rucks,2021-09-02 17:30:49 UTC,2022-04-02 04:53:47 UTC,research,CC-BY-NC,https://www.inaturalist.org/observations/93383078,https://inaturalist-open-data.s3.amazonaws.com/photos/154767532/medium.jpg,,"","",1,0,false,3,"McGregor, ND, US",48.562305,-102.9667583333,7,,,,7,,,false,,,Fall Field Cricket,Gryllus pennsylvanicus,Fall Field Cricket,Insecta,122193
93626020,48f3040c-71a7-4100-a492-26585bc234b0,2021/09/04 11:03 AM CDT,2021-09-04,2021-09-04 16:03:00 UTC,Central Time (US & Canada),1288418,daleheinert,Dale,2021-09-04 19:44:14 UTC,2022-11-30 14:33:22 UTC,research,CC-BY-NC,https://www.inaturalist.org/observations/93626020,https://inaturalist-open-data.s3.amazonaws.com/photos/155200303/medium.jpeg,,"","",2,0,false,,"Bismarck, ND, USA",46.8028186918,-100.7354096427,4,,,,4,,,false,,,Fall Field Cricket,Gryllus pennsylvanicus,Fall Field Cricket,Insecta,122193
93866061,a37005b6-6bc6-4306-bc2b-bfb514340893,Mon Sep 06 2021 10:42:51 GMT -0500 (CDT),2021-09-06,2021-09-06 15:42:51 UTC,Central Time (US & Canada),3771988,bugenthusiast,,2021-09-06 15:44:54 UTC,2022-03-24 01:33:31 UTC,research,CC-BY-NC,https://www.inaturalist.org/observations/93866061,https://inaturalist-open-data.s3.amazonaws.com/photos/155631388/medium.jpeg,,"",,1,0,false,333,Watford City,47.8162574768,-103.2813568115,65,,,,65,,,false,,,Fall Field Cricket,Gryllus pennsylvanicus,Fall Field Cricket,Insecta,122193
94367784,cefb89f7-1446-47a9-9571-daa0bb2ac3f1,Wed Sep 08 2021 13:42:31 GMT-0500 (CDT),2021-09-08,2021-09-08 13:42:31 UTC,UTC,4966149,lkaytay,,2021-09-10 21:01:42 UTC,2022-11-30 01:17:43 UTC,needs_id,CC-BY-NC,https://www.inaturalist.org/observations/94367784,https://inaturalist-open-data.s3.amazonaws.com/photos/156531046/medium.jpg,,"","",2,0,false,3,"80th St SE, Bismarck, ND, US",46.796695,-100.6701283333,4,,,,4,,,false,,,Gryllus,Gryllus,,Insecta,71251
94388489,fbf22961-ca25-442b-8a56-5f93e4ccf632,2021-09-10 12:20:43,2021-09-10,2021-09-10 18:20:43 UTC,Mountain Time (US & Canada),1141540,egreten,"",2021-09-11 00:53:56 UTC,2024-03-29 22:38:50 UTC,research,,https://www.inaturalist.org/observations/94388489,https://inaturalist-open-data.s3.amazonaws.com/photos/156572414/medium.jpeg,,"",,2,0,false,2,"North Dakota, US",46.8176413641,-96.8820816406,,,,,26935,obscured,,true,gps,gps,Fall Field Cricket,Gryllus pennsylvanicus,Fall Field Cricket,Insecta,122193
94397869,0f12b482-d177-4912-9df0-3456f0fa4c82,2021/09/10 10:13 AM CDT,2021-09-10,2021-09-10 15:13:00 UTC,Central Time (US & Canada),3497637,mrabenberg,,2021-09-11 03:00:53 UTC,2022-03-24 12:56:13 UTC,research,CC-BY-NC,https://www.inaturalist.org/observations/94397869,https://inaturalist-open-data.s3.amazonaws.com/photos/156586254/medium.jpeg,,"",,1,0,false,,"Atkinson Nature Park, Bismarck, ND, USA",46.7755258817,-100.8132570031,369,,,,369,,,false,,,Fall Field Cricket,Gryllus pennsylvanicus,Fall Field Cricket,Insecta,122193
95658356,f502ec01-728d-4471-949b-a83abe1b1fef,2021-09-12 09:26:39,2021-09-12,2021-09-12 14:26:39 UTC,Central Time (US & Canada),4480587,levinbrandt,Levin Brandt,2021-09-21 14:45:07 UTC,2022-03-22 00:17:32 UTC,research,CC-BY-NC,https://www.inaturalist.org/observations/95658356,https://inaturalist-open-data.s3.amazonaws.com/photos/158828275/medium.jpeg,,"",,1,0,false,2,"Grand Forks AFB, ND, USA",47.9383204637,-97.4141856283,158,,,,158,,,false,gps,gps,Fall Field Cricket,Gryllus pennsylvanicus,Fall Field Cricket,Insecta,122193
96399727,15993cb2-bd99-4ffa-9987-fb8c0890797b,2021-09-13 09:57:05,2021-09-13,2021-09-13 16:57:05 UTC,Pacific Time (US & Canada),2503032,turkishvulture,Jeyla Fendi,2021-09-27 19:57:02 UTC,2022-03-21 23:27:52 UTC,research,,https://www.inaturalist.org/observations/96399727,https://static.inaturalist.org/photos/160145099/medium.jpeg,,"",,1,0,false,2,"GFAFB, ND 58204, USA",47.9720027778,-97.3891527778,,,,,,,,false,gps,gps,Fall Field Cricket,Gryllus pennsylvanicus,Fall Field Cricket,Insecta,122193
125692780,a68349c1-8faa-4117-ac8a-d8f7134f3301,2022/06/14 11:31 AM,2022-06-14,2022-06-14 17:31:00 UTC,Mountain Time (US & Canada),1579828,weecorbie,Jessee J. Smith,2022-07-10 22:28:06 UTC,2022-11-30 22:01:27 UTC,research,CC-BY-NC,https://www.inaturalist.org/observations/125692780,https://inaturalist-open-data.s3.amazonaws.com/photos/213169611/medium.jpeg,,"",,1,0,false,,"Theodore Roosevelt National Park, Billings, North Dakota, United States",46.9871111111,-103.485,4,,,,4,,,false,,,Spring Field Cricket,Gryllus veletis,Spring Field Cricket,Insecta,129135
127584918,7833ea0f-ccee-40aa-bc41-2964d3002f1d,2022/07/21 8:18 AM,2022-07-21,2022-07-21 13:18:00 UTC,Central Time (US & Canada),3497637,mrabenberg,,2022-07-23 22:38:13 UTC,2023-04-22 11:42:59 UTC,needs_id,CC-BY-NC,https://www.inaturalist.org/observations/127584918,https://inaturalist-open-data.s3.amazonaws.com/photos/216601866/medium.jpeg,,"",,3,1,false,,"Florence Lake NWR, Burleigh County, ND, USA",47.3006653546,-100.3083348579,2136,,,,2136,,,false,,,Common Tree Crickets,Oecanthus,Common Tree Crickets,Insecta,63036
128631067,b887ec00-aec2-4096-ad08-959c6abd2bb2,2022-07-30 11:25:08,2022-07-30,2022-07-30 16:25:08 UTC,Central Time (US & Canada),4654790,ek1406,"",2022-07-30 16:29:05 UTC,2024-03-29 22:37:54 UTC,needs_id,CC-BY-NC,https://www.inaturalist.org/observations/128631067,https://inaturalist-open-data.s3.amazonaws.com/photos/218506780/medium.jpeg,,"","Originally found indoors, but I brought it outside",2,0,false,2,"18th St N & NDSU LLC (Pullout East), Fargo, ND 58105, USA",46.8961938,-96.81077448,3,,,,3,,,false,,,Robust Ground Crickets,Allonemobius,Robust Ground Crickets,Insecta,129248
128818748,2f34f538-646f-4c64-9c7d-1f3cda13d472,Sun Jul 31 2022 11:23:34 GMT -0500 (CDT),2022-07-31,2022-07-31 16:23:34 UTC,Central Time (US & Canada),1038698,jodiboe,jodiboe,2022-07-31 16:23:57 UTC,2022-12-02 20:50:00 UTC,research,,https://www.inaturalist.org/observations/128818748,https://static.inaturalist.org/photos/219570232/medium.jpeg,,"",,1,0,false,333,"Grand Forks County, US-ND, US",47.7527618408,-97.4073181152,6,,,,6,,,false,,,Fall Field Cricket,Gryllus pennsylvanicus,Fall Field Cricket,Insecta,122193
129038169,95be8394-7e81-41fc-8830-465ecee5116e,2022-08-01 13:20:47-05:00,2022-08-01,2022-08-01 18:20:47 UTC,Central Time (US & Canada),4345729,binsikinz,,2022-08-01 20:43:47 UTC,2022-11-30 01:00:26 UTC,research,CC-BY-NC,https://www.inaturalist.org/observations/129038169,https://inaturalist-open-data.s3.amazonaws.com/photos/219275211/medium.jpg,,"","",1,0,false,3,"E Elmwood Dr, Grand Forks, ND, US",47.8897883333,-97.0224445,4,,,,4,,,false,,,Fall Field Cricket,Gryllus pennsylvanicus,Fall Field Cricket,Insecta,122193
130880551,f043e51d-fb39-4588-81f7-59de19e8a2ae,2022-08-14 19:49:56-06:00,2022-08-14,2022-08-15 01:49:56 UTC,Mountain Time (US & Canada),2571501,chalon9,Chalon Boesel,2022-08-15 01:50:07 UTC,2024-10-14 13:22:28 UTC,needs_id,CC-BY-NC,https://www.inaturalist.org/observations/130880551,,https://static.inaturalist.org/sounds/580406.m4a?1672725167,"","",0,0,false,3,"Little Missouri National Grassland, Medora, ND, US",46.9106141855,-103.5221042652,24,,,,24,,,false,,,Crickets,Gryllidea,Crickets,Insecta,358855
131296792,9161e27d-0d49-4c6b-8c95-06ec37fd850e,2022-08-17 23:41:53,2022-08-17,2022-08-18 04:41:53 UTC,Central Time (US & Canada),6021747,lauraupnorth,,2022-08-18 04:50:49 UTC,2022-11-30 00:48:57 UTC,needs_id,CC-BY-NC,https://www.inaturalist.org/observations/131296792,https://inaturalist-open-data.s3.amazonaws.com/photos/223415659/medium.jpeg,,"",,1,0,false,2,Neche,48.9861251517,-97.5548001006,1113,,,,1113,,,false,gps,gps,Robust Ground Crickets,Allonemobius,Robust Ground Crickets,Insecta,129248
131398379,ed334d88-dc4b-47e2-8796-8d62a53cec96,2022/08/18 9:53 AM,2022-08-18,2022-08-18 14:53:00 UTC,Central Time (US & Canada),1288418,daleheinert,Dale,2022-08-19 00:11:00 UTC,2022-11-30 00:45:41 UTC,research,CC-BY-NC,https://www.inaturalist.org/observations/131398379,https://inaturalist-open-data.s3.amazonaws.com/photos/223604063/medium.jpeg,,"",,1,0,false,,"Bismarck, ND, USA",46.8148984955,-100.7830618489,4,,,,4,,,false,,,Fall Field Cricket,Gryllus pennsylvanicus,Fall Field Cricket,Insecta,122193
132576581,fdf3f3c3-41a4-48d0-8843-82798cb4dbfe,2022-08-27 08:37:11,2022-08-27,2022-08-27 13:37:11 UTC,Central Time (US & Canada),3049536,darrenn1,Darren N,2022-08-28 13:48:28 UTC,2022-11-29 20:54:06 UTC,needs_id,,https://www.inaturalist.org/observations/132576581,https://static.inaturalist.org/photos/225764231/medium.jpeg,,"",,2,0,false,2,Williston,48.1469553822,-103.6179744825,5744,,,,5744,,,false,gps,gps,Gryllus,Gryllus,,Insecta,713241
132771081,6f824f9a-89a7-48dd-b235-f38e7ede1e70,2022-08-15 14:26:01-06:00,2022-08-15,2022-08-15 20:26:01 UTC,Mountain Time (US & Canada),2571501,chalon9,Chalon Boesel,2022-08-29 04:07:50 UTC,2022-11-29 20:53:48 UTC,needs_id,CC-BY-NC,https://www.inaturalist.org/observations/132771081,https://inaturalist-open-data.s3.amazonaws.com/photos/226050715/medium.jpg,,"",The first picture has increased exposure and reduced contrast.,1,0,false,3,"Theodore Roosevelt National Park South Unit, Medora, ND, US",46.9667883333,-103.43423,,,,,,,,false,,,Fall Field Cricket,Gryllus pennsylvanicus,Fall Field Cricket,Insecta,122193
132973906,6b7c6348-c5d1-40ef-86b5-319130d69b93,2022-08-30 11:56:01,2022-08-30,2022-08-30 16:56:01 UTC,Central Time (US & Canada),6080179,sarah4878,Sarah Schmidt,2022-08-30 17:36:20 UTC,2024-03-29 22:01:44 UTC,research,,https://www.inaturalist.org/observations/132973906,https://static.inaturalist.org/photos/226430007/medium.jpeg,,"",Very abundant at this time of year. Lots of kids catching and playing with them.,3,1,false,2,"Willow Park, Fargo, ND, USA",46.8602222222,-96.8681944444,,,,,,,,false,gps,gps,Fall Field Cricket,Gryllus pennsylvanicus,Fall Field Cricket,Insecta,122193
135167051,71594e5c-3216-4002-8053-3955f6c1956a,2022-09-15 14:35:16-06:00,2022-09-15,2022-09-15 20:35:16 UTC,Mountain Time (US & Canada),6092375,jschendel,,2022-09-15 20:36:51 UTC,2022-11-29 20:18:10 UTC,research,CC-BY-NC,https://www.inaturalist.org/observations/135167051,https://inaturalist-open-data.s3.amazonaws.com/photos/230500988/medium.jpg,,"","",2,0,false,3,"Dickinson State University, Dickinson, ND, US",46.8836166105,-102.8014541511,3,,,,3,,,false,,,Robust Ground Crickets,Allonemobius,Robust Ground Crickets,Insecta,129248
136167067,eb087e86-be29-4340-8e86-0d6e444df7c9,2022-09-20 14:24:59-06:00,2022-09-20,2022-09-20 20:24:59 UTC,Mountain Time (US & Canada),6183205,trichter26,,2022-09-23 15:48:56 UTC,2022-09-25 13:35:01 UTC,research,CC-BY-NC,https://www.inaturalist.org/observations/136167067,https://inaturalist-open-data.s3.amazonaws.com/photos/232354832/medium.jpg,,"","",2,0,false,3,"Sixth Ave W, Dickinson, ND, US",46.9111302352,-102.7926833565,110,,,,110,,,false,,,Fall Field Cricket,Gryllus pennsylvanicus,Fall Field Cricket,Insecta,122193
136330558,68435b61-413d-4381-b1d4-a903ea0cf579,Sat Sep 24 2022 15:20:58 GMT -0500 (CDT),2022-09-24,2022-09-24 20:20:58 UTC,Central Time (US & Canada),4635051,caradimare,Cara DiMare,2022-09-24 20:21:03 UTC,2022-09-25 13:39:28 UTC,research,CC-BY-NC,https://www.inaturalist.org/observations/136330558,https://inaturalist-open-data.s3.amazonaws.com/photos/232652939/medium.jpeg,,"",,1,0,false,333,Sioux County,46.089050293,-100.6541290283,3330,,,,3330,,,false,,,Fall Field Cricket,Gryllus pennsylvanicus,Fall Field Cricket,Insecta,122193
136509942,a7bd8dea-70f4-4b78-aae5-673457e23f7b,2022/09/25 4:38 PM,2022-09-25,2022-09-25 21:38:00 UTC,Central Time (US & Canada),1288418,daleheinert,Dale,2022-09-25 23:46:46 UTC,2023-05-08 00:40:07 UTC,needs_id,CC-BY-NC,https://www.inaturalist.org/observations/136509942,https://inaturalist-open-data.s3.amazonaws.com/photos/232989717/medium.jpeg,,"","",1,0,false,,"Bismarck, ND, USA",46.817020061,-100.7782944042,2,,,,2,,,false,,,Four-spotted Tree Cricket,Oecanthus quadripunctatus,Four-spotted Tree Cricket,Insecta,226222
137373588,fb0bffe6-8035-45d0-8608-04732cff5b9a,2022-10-02 15:53:18-05:00,2022-10-02,2022-10-02 20:53:18 UTC,Central Time (US & Canada),6123197,mattdevine,,2022-10-03 03:21:15 UTC,2022-11-29 20:51:25 UTC,research,CC-BY-NC,https://www.inaturalist.org/observations/137373588,https://inaturalist-open-data.s3.amazonaws.com/photos/234611144/medium.jpg,,"","",1,0,false,3,"88th Ave SE, Courtenay, ND, US",47.1482559488,-98.6370912715,151,,,,151,,,false,,,Fall Field Cricket,Gryllus pennsylvanicus,Fall Field Cricket,Insecta,122193
137767756,58f47e71-4282-46de-abf8-12a761a23628,2022-10-03 17:03:18-06:00,2022-10-03,2022-10-03 23:03:18 UTC,Mountain Time (US & Canada),6216197,clay-prell,Clay Prell,2022-10-06 17:31:44 UTC,2022-11-29 20:50:17 UTC,research,CC-BY-NC,https://www.inaturalist.org/observations/137767756,https://inaturalist-open-data.s3.amazonaws.com/photos/235352561/medium.jpg,,"","Found underneath a rock along a ridge line south of Taylor, ND.",1,0,false,3,"Taylor, ND, US",46.7651598521,-102.4165801795,23,,,,23,,,false,,,Fall Field Cricket,Gryllus pennsylvanicus,Fall Field Cricket,Insecta,122193
140683836,b6924ac9-ee99-4a1e-9f56-cdfd47f2c0ab,2022-09-19 18:15:01,2022-09-19,2022-09-20 00:15:01 UTC,Mountain Time (US & Canada),503220,sarahcalgary,,2022-10-31 18:39:25 UTC,2023-07-01 22:17:25 UTC,needs_id,CC0,https://www.inaturalist.org/observations/140683836,https://inaturalist-open-data.s3.amazonaws.com/photos/240852443/medium.jpeg,,"",,0,0,false,2,"Medora, ND 58645, USA",46.9516372681,-103.4871749878,,,,,,,,false,gps,gps,Fall Field Cricket,Gryllus pennsylvanicus,Fall Field Cricket,Insecta,122193
142545670,ffd56b68-e252-4ea5-821a-d04d23016720,2022/10/18 3:34 PM,2022-10-18,2022-10-18 21:34:00 UTC,Mountain Time (US & Canada),1011427,storybag,"",2022-11-21 18:32:00 UTC,2022-11-21 18:32:00 UTC,needs_id,,https://www.inaturalist.org/observations/142545670,https://static.inaturalist.org/photos/244402748/medium.jpeg,,"","",0,0,false,,"Medora, ND 58645, USA",46.9163683333,-103.5256383333,,,,,,,,false,,,Fall Field Cricket,Gryllus pennsylvanicus,Fall Field Cricket,Insecta,122193
142547200,e148f779-5abe-4e06-be0f-082b3bc96e87,2022/10/18 4:34 PM,2022-10-18,2022-10-18 22:34:00 UTC,Mountain Time (US & Canada),1011427,storybag,"",2022-11-21 18:57:16 UTC,2022-11-23 16:49:21 UTC,needs_id,,https://www.inaturalist.org/observations/142547200,https://static.inaturalist.org/photos/244404449/medium.jpg,,"","",0,0,false,,"Billings County, ND, USA",47.1593743366,-103.3865943417,59802,,,,59802,,,false,,,Fall Field Cricket,Gryllus pennsylvanicus,Fall Field Cricket,Insecta,122193
145732113,18134546-a401-4b1e-88da-88a1d91e8374,2022-08-14 21:06:12-06:00,2022-08-14,2022-08-15 03:06:12 UTC,Mountain Time (US & Canada),2571501,chalon9,Chalon Boesel,2023-01-03 05:58:15 UTC,2024-10-13 02:37:13 UTC,needs_id,CC-BY-NC,https://www.inaturalist.org/observations/145732113,,https://static.inaturalist.org/sounds/580409.m4a?1672725451,"","This observations is for the repeated cricket chirps. 

The observation for the constant, loud droning sound is here:
https://www.inaturalist.org/observations/130888227",1,0,false,,"Little Missouri National Grassland, Medora, ND, US",46.9133724422,-103.520811008,11,,,,11,,,false,,,Fall Field Cricket,Gryllus pennsylvanicus,Fall Field Cricket,Insecta,122193
148647472,7af31125-6522-4e20-b198-a10b4bf51a9a,2020/09/26 18:28:31 PM,2020-09-26,2020-09-26 23:28:31 UTC,Central Time (US & Canada),1867224,aric4sloth,"",2023-02-12 23:17:11 UTC,2024-08-11 02:36:25 UTC,needs_id,CC-BY-NC,https://www.inaturalist.org/observations/148647472,,https://static.inaturalist.org/sounds/596835.wav?1676243638,"","This observation is for the chirping insect sounds, which I think are from a species of Crickets. ...

(I made a separate observation for the song from a Western Meadowlark [heard starting at about 00:02 seconds, in the same audio recording].) ...

Heard a bit south or SE of the South Trailhead, at Hankinson Hills Recreation Area, NW of Hankinson, ND.",1,0,false,,"Richland County, ND, USA",46.1025007416,-96.9725899968,353,,,,353,,,false,,,Crickets,Gryllus pennsylvanicus,Fall Field Cricket,Insecta,122193
149677899,07e9c71a-8c2e-4250-9271-4a01d25c60e1,2019/09/15 8:13 PM UTC,2019-09-15,2019-09-16 01:13:00 UTC,Central Time (US & Canada),1867224,aric4sloth,"",2023-02-25 23:24:41 UTC,2024-10-13 02:34:06 UTC,needs_id,CC-BY-NC,https://www.inaturalist.org/observations/149677899,,https://static.inaturalist.org/sounds/604473.mp3?1677367483,"","This observation is for the trilled calls in the background of the audio recording, which I will place at the category for True Crickets. ...

(I made a separate observation for the loud, steady insect sounds throughout, which may be from a species of Katydids.) ...

(I also made a separate observation for what sounds like bird calls in the background, heard at about 4 seconds and again at 14 seconds into this recording, which I placed at the general category for Birds, but wonder if it might be from a large wading bird.) ...

Heard from the marshy area (with lots of Cattails) across the paved path, south of the parking lot, within Forest River Nature Park, in far south Fargo, ND.",3,0,false,2,"Cass County, ND, USA",46.7677928811,-96.7839734694,135,,,,135,,,false,,,True Crickets and Allies,Grylloidea,True Crickets and Allies,Insecta,50158
169269889,a6cb6161-85fe-47e9-9611-feb1e1d117d9,Sat Jun 24 2023 17:14:30 GMT -0500 (CDT),2023-06-24,2023-06-24 22:14:30 UTC,Central Time (US & Canada),4686624,lynda_lafond,Lynda LaFond,2023-06-24 22:15:40 UTC,2023-06-24 22:30:56 UTC,needs_id,CC-BY-NC,https://www.inaturalist.org/observations/169269889,https://inaturalist-open-data.s3.amazonaws.com/photos/293443736/medium.jpeg,,"",,0,0,false,333,Glenburn,48.3997802734,-101.1975631714,5,,,,5,,,false,,,Fall Field Cricket,Gryllus pennsylvanicus,Fall Field Cricket,Insecta,122193
169697218,3429969e-619b-43d5-b0c6-735061495574,2023-06-26 21:05:32-05:00,2023-06-26,2023-06-27 02:05:32 UTC,Central Time (US & Canada),7000298,jessie487,Jessie,2023-06-27 02:08:05 UTC,2025-05-16 03:03:10 UTC,research,,https://www.inaturalist.org/observations/169697218,https://static.inaturalist.org/photos/294239028/medium.jpg,,"","",1,0,false,3,"N Ninth St, Bismarck, ND, US",46.8301930659,-100.7792235583,11,,,,11,,,false,,,Spring Field Cricket,Gryllus veletis,Spring Field Cricket,Insecta,129135
169697930,506a48c7-db7c-44b9-8484-d0b05b7a7d43,2023-06-25 19:02:47,2023-06-25,2023-06-26 01:02:47 UTC,Mountain Time (US & Canada),2068493,kaden_slone04,Kaden Slone,2023-06-27 02:13:38 UTC,2023-06-27 02:19:47 UTC,needs_id,CC-BY,https://www.inaturalist.org/observations/169697930,https://inaturalist-open-data.s3.amazonaws.com/photos/294240269/medium.jpeg,,"",Crawling on gravel,0,0,false,2,"Grassy Butte, ND 58634, USA",47.5398911997,-103.2418751997,,,,,,,,false,gps,gps,Spring Field Cricket,Gryllus veletis,Spring Field Cricket,Insecta,129135
171722831,255865aa-6e00-47b8-99b5-6159b62dd61e,2023-07-07 17:20:48,2023-07-07,2023-07-07 22:20:48 UTC,Central Time (US & Canada),5121966,donbgon,Don c,2023-07-08 11:50:42 UTC,2023-07-08 11:50:56 UTC,needs_id,,https://www.inaturalist.org/observations/171722831,https://static.inaturalist.org/photos/298016806/medium.jpeg,,"",Found on purple coneflower seed head in prairie habitat ,0,0,false,2,"Twin Valley, ND 58854, USA",48.02714,-103.2839969722,,,,,,,,false,gps,gps,Prairie Tree Cricket,Oecanthus argentinus,Prairie Tree Cricket,Insecta,226219
177931468,97c774de-211f-46fa-9fc4-30ef89bf0428,2023-08-11 14:10:32-05:00,2023-08-11,2023-08-11 19:10:32 UTC,Central Time (US & Canada),3191436,mikhela,mikhela,2023-08-12 02:45:50 UTC,2023-08-12 11:50:48 UTC,needs_id,CC-BY-NC,https://www.inaturalist.org/observations/177931468,https://inaturalist-open-data.s3.amazonaws.com/photos/309532766/medium.jpg,,"","",1,0,false,3,"Theodore Roosevelt National Park - North Unit, Watford City, ND, US",47.5911133333,-103.290025,4,,,,4,,,false,,,Four-spotted Tree Cricket,Oecanthus quadripunctatus,Four-spotted Tree Cricket,Insecta,226222
178214488,b1b14038-f4a3-4fed-ae9a-b91b2456bc0f,2023-08-12 09:15:21,2023-08-12,2023-08-12 14:15:21 UTC,Central Time (US & Canada),6979037,tuckerlutter,,2023-08-13 17:24:05 UTC,2023-08-13 17:24:14 UTC,needs_id,CC-BY-NC,https://www.inaturalist.org/observations/178214488,https://inaturalist-open-data.s3.amazonaws.com/photos/310068335/medium.jpeg,,"",,0,0,false,2,"Northeast Emmons, ND, USA",46.2455305556,-100.1141583333,,,,,,,,false,gps,gps,Gryllini,Gryllini,,Insecta,523728
178546915,92ace0d6-0205-412e-85f8-b8b073c75285,Tue Aug 15 2023 11:02:50 GMT -0500 (CDT),2023-08-15,2023-08-15 16:02:50 UTC,America/North_Dakota/New_Salem,4462036,jctg,,2023-08-15 16:02:56 UTC,2023-08-18 00:59:01 UTC,needs_id,CC-BY-NC,https://www.inaturalist.org/observations/178546915,https://inaturalist-open-data.s3.amazonaws.com/photos/311428978/medium.jpeg,,"",,0,0,false,333,New Salem,46.8531494141,-101.4264450073,46,,,,46,,,false,,,,Gryllus pennsylvanicus,Fall Field Cricket,Insecta,122193
178610935,27f42ecf-d2c7-4064-b03c-903b57a910fb,2023-08-15 11:35:28,2023-08-15,2023-08-15 16:35:28 UTC,Central Time (US & Canada),6044331,humandude,Logan Otremba,2023-08-15 23:37:25 UTC,2024-05-16 12:56:30 UTC,research,CC-BY-NC-SA,https://www.inaturalist.org/observations/178610935,https://inaturalist-open-data.s3.amazonaws.com/photos/310829384/medium.jpeg,,"",they got ran over by a wheel of a trash can by accident they were under it and i was trying to get a better picture,1,0,false,2,"North Dakota, US",46.7710269409,-96.9911068981,18,,,,26967,obscured,,true,gps,gps,Fall Field Cricket,Gryllus pennsylvanicus,Fall Field Cricket,Insecta,122193
180013710,59a64e3f-001b-464b-a2f9-fa7915fc8a8e,2023-08-19 11:25:46-05:00,2023-08-19,2023-08-19 16:25:46 UTC,Central Time (US & Canada),1882112,ruxeh,Rucks,2023-08-24 19:12:20 UTC,2025-02-06 19:09:01 UTC,research,CC-BY-NC,https://www.inaturalist.org/observations/180013710,https://inaturalist-open-data.s3.amazonaws.com/photos/313493402/medium.jpg,,"","",1,0,false,3,"Roosevelt Park Zoo, Minot, ND, US",48.2332616667,-101.27443,28,,,,28,,,false,,,House Cricket,Acheta domesticus,House Cricket,Insecta,133220
180175592,ef35793f-c3d5-43db-9000-eeb7284cbd02,2023-08-22 18:14:40,2023-08-22,2023-08-23 00:14:40 UTC,Mountain Time (US & Canada),5816502,bobbie79,Jean H.,2023-08-25 20:56:50 UTC,2024-03-24 00:32:52 UTC,research,CC0,https://www.inaturalist.org/observations/180175592,https://inaturalist-open-data.s3.amazonaws.com/photos/313803715/medium.jpeg,,"",,1,0,false,2,"Medora, ND 58645, USA",46.9599,-103.5061833333,,,,,,,,false,gps,gps,Fall Field Cricket,Gryllus pennsylvanicus,Fall Field Cricket,Insecta,122193
181633479,50acc31d-84bb-42ed-bf36-22ead36ea71d,Sat Sep 02 2023 11:00:37 GMT-0500 (CDT),2023-09-02,2023-09-02 16:00:37 UTC,America/North_Dakota/Beulah,461506,megnd,"",2023-09-03 21:04:30 UTC,2023-11-05 03:48:36 UTC,needs_id,CC-BY-NC,https://www.inaturalist.org/observations/181633479,https://inaturalist-open-data.s3.amazonaws.com/photos/316536112/medium.jpg,,"","",0,0,false,3,"Main St E, Hazen, ND, US",47.29478,-101.61947,5,,,,5,,,false,,,"",Oecanthus,Common Tree Crickets,Insecta,63036
182110508,14eee371-618d-478b-a53e-d3e115b7aa45,Wed Sep 06 2023 17:17:22 GMT -0500 (CDT),2023-09-06,2023-09-06 22:17:22 UTC,Central Time (US & Canada),1038698,jodiboe,jodiboe,2023-09-06 22:17:31 UTC,2024-03-24 00:27:43 UTC,needs_id,,https://www.inaturalist.org/observations/182110508,https://static.inaturalist.org/photos/317460690/medium.jpeg,,"",,1,0,false,333,Northwood,47.7437438965,-97.5644073486,35,,,,35,,,false,,,Pteronemobiini,Pteronemobiini,,Insecta,523724
183773786,91830f90-b1ed-4061-982c-3ecb53636298,2023/09/15 6:06 PM,2023-09-15,2023-09-15 23:06:00 UTC,Central Time (US & Canada),2121347,mmmiller,Marilynn Miller,2023-09-18 00:52:07 UTC,2024-03-20 14:14:44 UTC,research,CC-BY,https://www.inaturalist.org/observations/183773786,https://inaturalist-open-data.s3.amazonaws.com/photos/320668270/medium.jpg,,"",dead,1,0,false,,"Valley City, ND 58072, USA",46.9208972778,-98.0186937778,,,,,,,,false,,,Fall Field Cricket,Gryllus pennsylvanicus,Fall Field Cricket,Insecta,122193
184137810,3f77c65a-fbbb-4b79-a65a-33c4f772fb71,2023-09-20 11:22:25-05:00,2023-09-20,2023-09-20 16:22:25 UTC,Central Time (US & Canada),7417849,jackson2727,,2023-09-20 16:44:07 UTC,2024-03-29 21:59:17 UTC,needs_id,CC-BY-NC,https://www.inaturalist.org/observations/184137810,https://inaturalist-open-data.s3.amazonaws.com/photos/321375599/medium.jpg,,"","",1,0,false,3,"83rd Ave S, Horace, ND, US",46.7666666667,-96.8967883333,62,,,,62,,,false,,,Fall Field Cricket,Gryllus pennsylvanicus,Fall Field Cricket,Insecta,122193
184138407,6f4ef4e3-ce35-43fa-8a5f-5a1f1a5ff058,2023-09-20 10:50:08-05:00,2023-09-20,2023-09-20 15:50:08 UTC,Central Time (US & Canada),7427283,annalisej,,2023-09-20 16:48:34 UTC,2024-03-29 21:59:04 UTC,research,CC-BY-NC,https://www.inaturalist.org/observations/184138407,https://inaturalist-open-data.s3.amazonaws.com/photos/321376899/medium.jpg,,"","",2,0,false,3,"Front St, Horace, ND, US",46.76623,-96.8963783333,78,,,,78,,,false,,,Fall Field Cricket,Gryllus pennsylvanicus,Fall Field Cricket,Insecta,122193
185738163,fa108fe9-96ac-4ff3-8784-52e357e1b245,Sat Sep 30 2023 21:08:12 GMT-0500 (CDT),2023-09-30,2023-10-01 02:08:12 UTC,America/North_Dakota/Beulah,461506,megnd,"",2023-10-01 14:38:16 UTC,2023-10-22 19:33:26 UTC,needs_id,CC-BY-NC,https://www.inaturalist.org/observations/185738163,https://inaturalist-open-data.s3.amazonaws.com/photos/324438783/medium.jpg,,"","",1,0,false,3,"Fourth Ave NW, Hazen, ND, US",47.2961616667,-101.6302033333,5,,,,5,,,false,,,Common Tree Crickets,Oecanthus,Common Tree Crickets,Insecta,63036
187062114,915be655-9151-4041-af83-5d4744f66445,2023-10-10 15:07:44-06:00,2023-10-10,2023-10-10 21:07:44 UTC,Mountain Time (US & Canada),9518,museocat,Diane Shaw,2023-10-11 00:02:08 UTC,2024-03-17 21:54:51 UTC,needs_id,CC-BY,https://www.inaturalist.org/observations/187062114,https://inaturalist-open-data.s3.amazonaws.com/photos/327051709/medium.jpg,,"","",1,0,false,3,"Theodore Roosevelt National Park South Unit, Medora, ND, US",46.99723,-103.5997,13,,,,13,,,false,,,Spring Field Cricket,Gryllus veletis,Spring Field Cricket,Insecta,129135
188548921,5c0dd5d4-dcfc-48e0-9cd3-01e9f1fbc495,Sun Oct 22 2023 12:59:21 GMT-0500 (CDT),2023-10-22,2023-10-22 17:59:21 UTC,America/North_Dakota/Center,461506,megnd,"",2023-10-22 18:00:58 UTC,2024-03-18 15:13:56 UTC,research,CC-BY-NC,https://www.inaturalist.org/observations/188548921,https://inaturalist-open-data.s3.amazonaws.com/photos/330044560/medium.jpg,,"","",3,0,false,3,"Cross Ranch State Park, Center, ND, US",47.1801133333,-100.990075,5,,,,5,,,false,,,Snowy Tree Cricket,Oecanthus fultoni,Snowy Tree Cricket,Insecta,130356
195882993,fcf8f60e-9206-47b9-8dc2-d5d70f344090,2024-01-05 19:12:00,2024-01-05,2024-01-06 01:12:00 UTC,Central Time (US & Canada),2627606,mistyw,mweed,2024-01-06 01:12:32 UTC,2024-03-17 21:47:24 UTC,needs_id,,https://www.inaturalist.org/observations/195882993,https://static.inaturalist.org/photos/344725323/medium.jpeg,,"",,1,0,false,2,"Stanley, ND 58784, USA",48.3196036148,-102.3846076056,145,,,,145,,,false,gps,gps,Spring Field Cricket,Gryllus veletis,Spring Field Cricket,Insecta,129135
225638821,6d2c640e-39f6-497a-9bed-c04db54a2551,2024/06/26 1:40 PM,2024-06-26,2024-06-26 18:40:00 UTC,Central Time (US & Canada),105431,shaunmichael,Shaun M. McCoshum,2024-06-28 02:09:52 UTC,2024-06-28 02:09:52 UTC,needs_id,CC-BY-NC,https://www.inaturalist.org/observations/225638821,https://inaturalist-open-data.s3.amazonaws.com/photos/400065795/medium.jpg,,"",,0,0,false,,"North Dakota, US",47.8667523728,-99.1162942326,,,,,26775,obscured,,true,,,Crickets,Gryllidea,Crickets,Insecta,358855
227173223,5d338700-c265-4a95-a0d0-e847b03bf08f,2024/07/01 1:31 PM,2024-07-01,2024-07-01 18:31:00 UTC,Central Time (US & Canada),105431,shaunmichael,Shaun M. McCoshum,2024-07-04 20:36:12 UTC,2024-07-04 20:36:12 UTC,needs_id,CC-BY-NC,https://www.inaturalist.org/observations/227173223,https://inaturalist-open-data.s3.amazonaws.com/photos/402965977/medium.jpg,,"",,0,0,false,,"North Dakota, US",48.0990458214,-102.9154611304,,,,,26743,obscured,,true,,,Gryllus,Gryllus,,Insecta,71251
227178839,61987f41-28bc-4d52-ae2c-0e92d6a32827,2024-07-04 10:24:15,2024-07-04,2024-07-04 15:24:15 UTC,Central Time (US & Canada),105431,shaunmichael,Shaun M. McCoshum,2024-07-04 21:07:25 UTC,2024-12-31 03:16:11 UTC,needs_id,CC-BY-NC,https://www.inaturalist.org/observations/227178839,,https://static.inaturalist.org/sounds/1120844.m4a?1720127248,"",Audible in second recording ,0,0,false,2,"Theodore Roosevelt National Park, McKenzie County, US-ND, US",47.5942069996,-103.337611451,4,,,,4,,,false,,,Crickets,Gryllidea,Crickets,Insecta,358855
230623869,38819e52-5f20-4b0a-a5a5-44b57b218d40,2023-08-23 13:40:42-05:00,2023-08-23,2023-08-23 18:40:42 UTC,Central Time (US & Canada),8379312,ruebeejay,,2024-07-20 23:49:19 UTC,2024-09-20 18:35:32 UTC,research,CC-BY-NC,https://www.inaturalist.org/observations/230623869,https://inaturalist-open-data.s3.amazonaws.com/photos/409514553/medium.jpeg,,"",cute,1,0,false,3,"Buckskin Ave, Bismarck, ND, US",46.848575,-100.799325,32,,,,32,,,false,,,Snowy Tree Cricket,Oecanthus fultoni,Snowy Tree Cricket,Insecta,130356
231082065,0c43fc96-8c8c-4c13-b226-5760f7f675e0,2024/07/15 2:38 PM,2024-07-15,2024-07-15 19:38:00 UTC,Central Time (US & Canada),5059952,maggie418,Maggie Jones,2024-07-22 21:51:34 UTC,2024-07-22 21:51:34 UTC,needs_id,,https://www.inaturalist.org/observations/231082065,https://static.inaturalist.org/photos/410371492/medium.jpeg,,"",,0,0,false,,Smokey Lake School,48.16413,-100.31864,2519,,,,2519,,,false,,,Crickets,Gryllidea,Crickets,Insecta,358855
231709307,3a1e9bad-919b-41fa-8603-4ae2a153293c,2024-07-25 07:33:53,2024-07-25,2024-07-25 13:33:53 UTC,Mountain Time (US & Canada),3268237,flygonby7,Sam Wahl,2024-07-25 22:02:13 UTC,2024-07-31 17:09:54 UTC,needs_id,,https://www.inaturalist.org/observations/231709307,https://static.inaturalist.org/photos/411570755/medium.jpeg,,"",,0,0,false,2,"Medora, ND 58645, USA",46.9869166667,-103.4551555556,,,,,,,,false,gps,gps,Common Tree Crickets,Oecanthus argentinus,Prairie Tree Cricket,Insecta,226219
232590515,7035d19f-e372-4910-9101-7d5a6bc52fca,2024-07-29 17:46:24,2024-07-29,2024-07-29 22:46:24 UTC,Central Time (US & Canada),7745995,schnabeldylan,Dylan Schnabel,2024-07-29 22:47:24 UTC,2024-07-29 22:47:33 UTC,needs_id,CC-BY,https://www.inaturalist.org/observations/232590515,https://inaturalist-open-data.s3.amazonaws.com/photos/413239558/medium.jpeg,,"",,0,0,false,2,"Kulm, ND 58456, USA",46.3000243997,-98.9424096,,,,,,,,false,gps,gps,Gryllus,Gryllus,,Insecta,71251
233928793,6b6cf361-55fe-416a-80fa-1565b4697c21,2024-08-05 07:15:45-05:00,2024-08-05,2024-08-05 12:15:45 UTC,Central Time (US & Canada),6297050,jacksonkinder1,,2024-08-05 13:19:52 UTC,2024-08-05 13:19:58 UTC,needs_id,CC-BY-NC,https://www.inaturalist.org/observations/233928793,https://inaturalist-open-data.s3.amazonaws.com/photos/415796561/medium.jpeg,,"","",0,0,false,3,"48th Ave SE, Streeter, ND, US",46.7149466667,-99.448045,117,,,,117,,,false,,,"",Gryllus pennsylvanicus,Fall Field Cricket,Insecta,122193
234325741,0356721a-6d80-4da3-82d8-0c23056df65f,2024-08-03 08:57:19-05:00,2024-08-03,2024-08-03 13:57:19 UTC,Mountain Time (US & Canada),7546916,mothy_monday,Mothy,2024-08-07 13:22:12 UTC,2024-08-07 13:22:23 UTC,needs_id,CC-BY-NC,https://www.inaturalist.org/observations/234325741,https://inaturalist-open-data.s3.amazonaws.com/photos/416553040/medium.jpeg,,"","",0,0,false,3,"Theodore Roosevelt National Park - South Unit, Medora, ND, US",46.9591366667,-103.504525,7,,,,7,,,false,,,"",Pteronemobiini,,Insecta,523724
234791721,aad0685d-da9a-402c-ad18-d21d7eeed96a,2024-08-09 09:55:55,2024-08-09,2024-08-09 14:55:55 UTC,Central Time (US & Canada),5251031,ocmelissa,Melissa Pearson,2024-08-10 00:56:14 UTC,2024-08-10 00:57:06 UTC,needs_id,CC-BY-NC,https://www.inaturalist.org/observations/234791721,https://inaturalist-open-data.s3.amazonaws.com/photos/417462442/medium.jpeg,,"",,0,0,false,2,"Fargo, ND 58104, USA",46.7745782,-96.7903014,,,,,,,,false,gps,gps,Snowy Tree Cricket,Oecanthus fultoni,Snowy Tree Cricket,Insecta,130356
235525258,bcca4fa2-bbfc-4ac2-abf8-6f640f12b70f,2024-08-09 09:01:48,2024-08-09,2024-08-09 14:01:48 UTC,Central Time (US & Canada),2341019,crocuta_crocuta,,2024-08-13 13:38:25 UTC,2024-08-13 13:38:43 UTC,needs_id,CC-BY-NC,https://www.inaturalist.org/observations/235525258,https://inaturalist-open-data.s3.amazonaws.com/photos/418884115/medium.jpeg,,"",,0,0,false,2,"Ervin, ND, USA",47.5814999722,-97.0829119722,,,,,,,,false,gps,gps,Fall Field Cricket,Gryllus pennsylvanicus,Fall Field Cricket,Insecta,122193
236939016,97941286-dbc0-4c1c-8d58-aa3178ad9e73,2024-08-20 11:43:48,2024-08-20,2024-08-20 16:43:48 UTC,Central Time (US & Canada),4654790,ek1406,"",2024-08-20 16:46:29 UTC,2024-08-20 16:48:49 UTC,needs_id,CC-BY-NC,https://www.inaturalist.org/observations/236939016,https://inaturalist-open-data.s3.amazonaws.com/photos/421602894/medium.jpeg,,"","Wow, it's molting!",0,0,false,2,"NDSU, Fargo, ND, USA",46.89142475,-96.81262459,5,,,,5,,,false,,,True Crickets and Allies,Grylloidea,True Crickets and Allies,Insecta,50158
237211410,22c14294-381e-4622-a870-51019e243cfb,2024-08-21 20:40:31-05:00,2024-08-21,2024-08-22 01:40:31 UTC,Central Time (US & Canada),8353458,emmalee__sims,Emmalee Sims,2024-08-22 01:41:55 UTC,2025-05-06 18:47:06 UTC,research,,https://www.inaturalist.org/observations/237211410,https://static.inaturalist.org/photos/426985115/medium.jpeg,,"","",2,0,false,3,"18th St NW, Alexander, ND, US",47.6689781063,-103.6162249475,35,,,,35,,,false,,,Four-spotted Tree Cricket,Oecanthus quadripunctatus,Four-spotted Tree Cricket,Insecta,226222
237740985,9648d7f9-b7bf-4257-b678-c422709c0b01,2024-08-24 17:34:05,2024-08-24,2024-08-24 22:34:05 UTC,Central Time (US & Canada),1577915,kimi8,Kimi Jac,2024-08-24 22:34:54 UTC,2024-08-25 13:58:18 UTC,research,,https://www.inaturalist.org/observations/237740985,https://static.inaturalist.org/photos/423147159/medium.jpeg,,"",,1,0,false,2,"Clara Barton, Fargo, ND 58103, USA",46.8504715997,-96.7752949,,,,,,,,false,,,Snowy Tree Cricket,Oecanthus fultoni,Snowy Tree Cricket,Insecta,130356
239050287,856ad089-1796-4880-a540-31c60b229552,2024/08/19 2:14 PM,2024-08-19,2024-08-19 19:14:00 UTC,Central Time (US & Canada),5304964,caseb,,2024-08-31 21:18:26 UTC,2024-08-31 21:18:26 UTC,needs_id,CC-BY-NC,https://www.inaturalist.org/observations/239050287,https://inaturalist-open-data.s3.amazonaws.com/photos/425670304/medium.jpg,,"",,0,0,false,,"Rolette County, ND, USA",48.79785,-100.0769361111,,,,,,,,false,,,Field Crickets,Gryllinae,Field Crickets,Insecta,122461
239050311,71612d50-c36f-4d2c-8f4e-626d7f2d483c,2024/08/19 5:20 PM,2024-08-19,2024-08-19 22:20:00 UTC,Central Time (US & Canada),5304964,caseb,,2024-08-31 21:18:30 UTC,2024-08-31 21:18:30 UTC,needs_id,CC-BY-NC,https://www.inaturalist.org/observations/239050311,https://inaturalist-open-data.s3.amazonaws.com/photos/425675268/medium.jpg,,"",,0,0,false,,"Dunseith, ND 58329, USA",48.8076444444,-100.0616444444,,,,,,,,false,,,Field Crickets,Gryllinae,Field Crickets,Insecta,122461
239050326,c9d79ab9-8263-4ae6-9de6-d502027f92eb,2024/08/19 10:56 PM,2024-08-19,2024-08-20 03:56:00 UTC,Central Time (US & Canada),5304964,caseb,,2024-08-31 21:18:33 UTC,2024-08-31 21:18:33 UTC,needs_id,CC-BY-NC,https://www.inaturalist.org/observations/239050326,https://inaturalist-open-data.s3.amazonaws.com/photos/425677084/medium.jpg,,"",,0,0,false,,"Bismarck, ND, USA",46.8291527778,-100.7712555556,,,,,,,,false,,,Crickets,Gryllidea,Crickets,Insecta,358855
239478275,a65ab581-9642-438c-b5de-318aa33357e5,2024-09-02 15:49:43-05:00,2024-09-02,2024-09-02 20:49:43 UTC,Central Time (US & Canada),6958325,lando_johnson,,2024-09-02 20:50:36 UTC,2024-09-03 15:49:12 UTC,needs_id,CC-BY-NC,https://www.inaturalist.org/observations/239478275,https://inaturalist-open-data.s3.amazonaws.com/photos/426806659/medium.jpeg,,"","",0,0,false,3,"Fargo, ND, US",46.7776379221,-96.786435647,4,,,,4,,,false,,,"",Oecanthus fultoni,Snowy Tree Cricket,Insecta,130356
239999991,4692d409-dd40-402c-8b9b-7f05e51a40b8,2024-09-03 22:25:53-05:00,2024-09-03,2024-09-04 03:25:53 UTC,Central Time (US & Canada),8525549,aftong,,2024-09-05 17:48:32 UTC,2024-09-06 02:58:16 UTC,needs_id,CC-BY-NC,https://www.inaturalist.org/observations/239999991,https://inaturalist-open-data.s3.amazonaws.com/photos/427526009/medium.jpeg,,"","",1,0,false,3,"Fourth St N, Fargo, ND, US",46.897205,-96.7851116667,10,,,,10,,,false,,,Gryllus,Gryllus,,Insecta,71251
240086240,622e2cd6-5b0d-439a-b285-2eda6b0c7332,2024-09-03 10:09:31,2024-09-03,2024-09-03 16:09:31 UTC,Mountain Time (US & Canada),2482748,mrostrowski,Michael R Ostrowski,2024-09-06 04:51:42 UTC,2024-09-06 04:51:47 UTC,needs_id,CC-BY-NC,https://www.inaturalist.org/observations/240086240,https://inaturalist-open-data.s3.amazonaws.com/photos/427689973/medium.jpeg,,"",,0,0,false,2,"Medora, ND 58645, USA",46.9662009304,-103.4859055281,45,,,,45,,,false,gps,gps,Gryllus,Gryllus,,Insecta,71251
240818020,91e87840-43d2-4a7e-906a-e94ec69f0d74,2021-09-22 17:25:43,2021-09-22,2021-09-22 22:25:43 UTC,Central Time (US & Canada),8540065,marsh_dragon,"",2024-09-09 20:28:11 UTC,2024-09-09 21:41:58 UTC,needs_id,CC-BY-NC,https://www.inaturalist.org/observations/240818020,https://inaturalist-open-data.s3.amazonaws.com/photos/429099768/medium.jpeg,,"",,0,0,false,2,"Bennett, Fargo, ND 58104, USA",46.7947420784,-96.8111371994,166,,,,166,,,false,gps,gps,Spring Field Cricket,Gryllus veletis,Spring Field Cricket,Insecta,129135
244757234,6f83d8e3-3822-4b2d-920a-370b3012c4ae,2024-09-29 10:15:47-05:00,2024-09-29,2024-09-29 15:15:47 UTC,Central Time (US & Canada),1733946,ryanfm,Ryan F. Mandelbaum,2024-09-29 19:00:58 UTC,2025-04-05 06:17:12 UTC,research,CC-BY,https://www.inaturalist.org/observations/244757234,https://inaturalist-open-data.s3.amazonaws.com/photos/436638751/medium.jpeg,,"","",1,0,false,3,"Fargo, ND, US",46.9602366667,-96.8536833333,3,,,,3,,,false,,,Fall Field Cricket,Gryllus pennsylvanicus,Fall Field Cricket,Insecta,122193
248742944,d7d92c21-c213-444d-8449-a49b1d622096,2024-10-23 09:11:29,2024-10-23,2024-10-23 14:11:29 UTC,Central Time (US & Canada),4654790,ek1406,"",2024-10-23 14:17:08 UTC,2025-02-02 15:01:28 UTC,research,CC-BY-NC,https://www.inaturalist.org/observations/248742944,https://inaturalist-open-data.s3.amazonaws.com/photos/444520948/medium.jpeg,,"","In the greenhouse. They don't look that fast when they're walking, but they are surprisingly hard to photograph",1,0,false,2,"NDSU, Fargo, ND, USA",46.89215158,-96.8049953,7,,,,7,,,false,,,House Cricket,Acheta domesticus,House Cricket,Insecta,133220
250923989,e2817ae5-a614-4c69-aae6-729a83f08e1b,2024-11-08 11:01:44,2024-11-08,2024-11-08 17:01:44 UTC,Central Time (US & Canada),4654790,ek1406,"",2024-11-08 17:04:28 UTC,2025-02-02 14:57:49 UTC,research,CC-BY-NC,https://www.inaturalist.org/observations/250923989,https://inaturalist-open-data.s3.amazonaws.com/photos/448871460/medium.jpeg,,"",A cricket eating a dead cockroach. It's hungry!,1,0,false,2,"NDSU, Fargo, ND, USA",46.89211704,-96.80544798,7,,,,7,,,false,,,House Cricket,Acheta domesticus,House Cricket,Insecta,133220
261537190,d0bb87c1-1328-4584-8413-d723e4b91dac,2024/08/26 6:18 PM,2024-08-26,2024-08-26 23:18:00 UTC,Central Time (US & Canada),4172,chia,Chia aka Cory Chiappone,2025-02-13 14:14:46 UTC,2025-02-13 18:50:58 UTC,needs_id,CC-BY-NC,https://www.inaturalist.org/observations/261537190,https://inaturalist-open-data.s3.amazonaws.com/photos/469883065/medium.jpg,,"",,1,0,false,,"Stutsman County, ND, USA",47.2263492,-98.8686239997,,,,,,,,false,,,Common Tree Crickets,Oecanthus,Common Tree Crickets,Insecta,63036
